,game_id,season,game_type,week,gameday,weekday,gametime,away_team,home_team,away_score,home_score,home_result,stadium,location,roof,surface,old_game_id
0,2021_01_DAL_TB,2021,REG,1,2021-09-09,Thursday,20:20,DAL,TB,29,31,2,Raymond James Stadium,Home,outdoors,grass,2021090900
1,2021_01_PHI_ATL,2021,REG,1,2021-09-12,Sunday,13:00,PHI,ATL,32,6,-26,Mercedes-Benz Stadium,Home,,fieldturf,2021091200
2,2021_01_PIT_BUF,2021,REG,1,2021-09-12,Sunday,13:00,PIT,BUF,23,16,-7,New Era Field,Home,outdoors,astroturf,2021091201
3,2021_01_NYJ_CAR,2021,REG,1,2021-09-12,Sunday,13:00,NYJ,CAR,14,19,5,Bank of America Stadium,Home,outdoors,grass,2021091202
4,2021_01_MIN_CIN,2021,REG,1,2021-09-12,Sunday,13:00,MIN,CIN,24,27,3,Paul Brown Stadium,Home,outdoors,grass,2021091203
5,2021_01_SF_DET,2021,REG,1,2021-09-12,Sunday,13:00,SF,DET,41,33,-8,Ford Field,Home,dome,fieldturf,2021091204
6,2021_01_JAX_HOU,2021,REG,1,2021-09-12,Sunday,13:00,JAX,HOU,21,37,16,NRG Stadium,Home,,grass,2021091205
7,2021_01_SEA_IND,2021,REG,1,2021-09-12,Sunday,13:00,SEA,IND,28,16,-12,Lucas Oil Stadium,Home,,fieldturf,2021091206
8,2021_01_ARI_TEN,2021,REG,1,2021-09-12,Sunday,13:00,ARI,TEN,38,13,-25,Nissan Stadium,Home,outdoors,grass,2021091207
9,2021_01_LAC_WAS,2021,REG,1,2021-09-12,Sunday,13:00,LAC,WAS,20,16,-4,FedExField,Home,outdoors,grass,2021091208
10,2021_01_CLE_KC,2021,REG,1,2021-09-12,Sunday,16:25,CLE,KC,29,33,4,GEHA Field at Arrowhead Stadium,Home,outdoors,astroturf,2021091209
11,2021_01_MIA_NE,2021,REG,1,2021-09-12,Sunday,16:25,MIA,NE,17,16,-1,Gillette Stadium,Home,outdoors,grass,2021091210
12,2021_01_GB_NO,2021,REG,1,2021-09-12,Sunday,16:25,GB,NO,3,38,35,TIAA Bank Stadium,Neutral,outdoors,grass,2021091211
13,2021_01_DEN_NYG,2021,REG,1,2021-09-12,Sunday,16:25,DEN,NYG,27,13,-14,MetLife Stadium,Home,outdoors,fieldturf ,2021091212
14,2021_01_CHI_LA,2021,REG,1,2021-09-12,Sunday,20:20,CHI,LA,14,34,20,SoFi Stadium,Home,dome,matrixturf,2021091213
15,2021_01_BAL_LV,2021,REG,1,2021-09-13,Monday,20:15,BAL,LV,27,33,6,Allegiant Stadium,Home,dome,grass,2021091300
16,2021_02_NYG_WAS,2021,REG,2,2021-09-16,Thursday,20:20,NYG,WAS,29,30,1,FedExField,Home,outdoors,grass,2021091600
17,2021_02_NO_CAR,2021,REG,2,2021-09-19,Sunday,13:00,NO,CAR,7,26,19,Bank of America Stadium,Home,outdoors,grass,2021091900
18,2021_02_CIN_CHI,2021,REG,2,2021-09-19,Sunday,13:00,CIN,CHI,17,20,3,Soldier Field,Home,outdoors,grass,2021091901
19,2021_02_HOU_CLE,2021,REG,2,2021-09-19,Sunday,13:00,HOU,CLE,21,31,10,FirstEnergy Stadium,Home,outdoors,grass,2021091902
20,2021_02_LA_IND,2021,REG,2,2021-09-19,Sunday,13:00,LA,IND,27,24,-3,Lucas Oil Stadium,Home,,fieldturf,2021091903
21,2021_02_DEN_JAX,2021,REG,2,2021-09-19,Sunday,13:00,DEN,JAX,23,13,-10,TIAA Bank Stadium,Home,outdoors,grass,2021091904
22,2021_02_BUF_MIA,2021,REG,2,2021-09-19,Sunday,13:00,BUF,MIA,35,0,-35,Hard Rock Stadium,Home,outdoors,grass,2021091905
23,2021_02_NE_NYJ,2021,REG,2,2021-09-19,Sunday,13:00,NE,NYJ,25,6,-19,MetLife Stadium,Home,outdoors,fieldturf ,2021091906
24,2021_02_SF_PHI,2021,REG,2,2021-09-19,Sunday,13:00,SF,PHI,17,11,-6,Lincoln Financial Field,Home,outdoors,grass,2021091907
25,2021_02_LV_PIT,2021,REG,2,2021-09-19,Sunday,13:00,LV,PIT,26,17,-9,Heinz Field,Home,outdoors,grass,2021091908
26,2021_02_MIN_ARI,2021,REG,2,2021-09-19,Sunday,16:05,MIN,ARI,33,34,1,State Farm Stadium,Home,closed,grass,2021091909
27,2021_02_ATL_TB,2021,REG,2,2021-09-19,Sunday,16:05,ATL,TB,25,48,23,Raymond James Stadium,Home,outdoors,grass,2021091910
28,2021_02_DAL_LAC,2021,REG,2,2021-09-19,Sunday,16:25,DAL,LAC,20,17,-3,SoFi Stadium,Home,dome,matrixturf,2021091911
29,2021_02_TEN_SEA,2021,REG,2,2021-09-19,Sunday,16:25,TEN,SEA,33,30,-3,Lumen Field,Home,outdoors,fieldturf,2021091912
30,2021_02_KC_BAL,2021,REG,2,2021-09-19,Sunday,20:20,KC,BAL,35,36,1,M&T Bank Stadium,Home,outdoors,grass,2021091913
31,2021_02_DET_GB,2021,REG,2,2021-09-20,Monday,20:15,DET,GB,17,35,18,Lambeau Field,Home,outdoors,grass,2021092000
32,2021_03_CAR_HOU,2021,REG,3,2021-09-23,Thursday,20:20,CAR,HOU,24,9,-15,NRG Stadium,Home,,grass,2021092300
33,2021_03_WAS_BUF,2021,REG,3,2021-09-26,Sunday,13:00,WAS,BUF,21,43,22,New Era Field,Home,outdoors,astroturf,2021092600
34,2021_03_CHI_CLE,2021,REG,3,2021-09-26,Sunday,13:00,CHI,CLE,6,26,20,FirstEnergy Stadium,Home,outdoors,grass,2021092601
35,2021_03_BAL_DET,2021,REG,3,2021-09-26,Sunday,13:00,BAL,DET,19,17,-2,Ford Field,Home,dome,fieldturf,2021092602
36,2021_03_ARI_JAX,2021,REG,3,2021-09-26,Sunday,13:00,ARI,JAX,31,19,-12,TIAA Bank Stadium,Home,outdoors,grass,2021092603
37,2021_03_LAC_KC,2021,REG,3,2021-09-26,Sunday,13:00,LAC,KC,30,24,-6,GEHA Field at Arrowhead Stadium,Home,outdoors,astroturf,2021092604
38,2021_03_NO_NE,2021,REG,3,2021-09-26,Sunday,13:00,NO,NE,28,13,-15,Gillette Stadium,Home,outdoors,grass,2021092605
39,2021_03_ATL_NYG,2021,REG,3,2021-09-26,Sunday,13:00,ATL,NYG,17,14,-3,MetLife Stadium,Home,outdoors,fieldturf ,2021092606
40,2021_03_CIN_PIT,2021,REG,3,2021-09-26,Sunday,13:00,CIN,PIT,24,10,-14,Heinz Field,Home,outdoors,grass,2021092607
41,2021_03_IND_TEN,2021,REG,3,2021-09-26,Sunday,13:00,IND,TEN,16,25,9,Nissan Stadium,Home,outdoors,grass,2021092608
42,2021_03_NYJ_DEN,2021,REG,3,2021-09-26,Sunday,16:05,NYJ,DEN,0,26,26,Empower Field at Mile High,Home,outdoors,grass,2021092609
43,2021_03_MIA_LV,2021,REG,3,2021-09-26,Sunday,16:05,MIA,LV,28,31,3,Allegiant Stadium,Home,dome,grass,2021092610
44,2021_03_TB_LA,2021,REG,3,2021-09-26,Sunday,16:25,TB,LA,24,34,10,SoFi Stadium,Home,dome,matrixturf,2021092611
45,2021_03_SEA_MIN,2021,REG,3,2021-09-26,Sunday,16:25,SEA,MIN,17,30,13,U.S. Bank Stadium,Home,dome,sportturf,2021092612
46,2021_03_GB_SF,2021,REG,3,2021-09-26,Sunday,20:20,GB,SF,30,28,-2,Levi's Stadium,Home,outdoors,grass,2021092613
47,2021_03_PHI_DAL,2021,REG,3,2021-09-27,Monday,20:15,PHI,DAL,21,41,20,AT&T Stadium,Home,closed,fieldturf,2021092700
48,2021_04_JAX_CIN,2021,REG,4,2021-09-30,Thursday,20:20,JAX,CIN,21,24,3,Paul Brown Stadium,Home,outdoors,grass,2021093000
49,2021_04_WAS_ATL,2021,REG,4,2021-10-03,Sunday,13:00,WAS,ATL,34,30,-4,Mercedes-Benz Stadium,Home,,fieldturf,2021100300
50,2021_04_HOU_BUF,2021,REG,4,2021-10-03,Sunday,13:00,HOU,BUF,0,40,40,New Era Field,Home,outdoors,astroturf,2021100301
51,2021_04_DET_CHI,2021,REG,4,2021-10-03,Sunday,13:00,DET,CHI,14,24,10,Soldier Field,Home,outdoors,grass,2021100302
52,2021_04_CAR_DAL,2021,REG,4,2021-10-03,Sunday,13:00,CAR,DAL,28,36,8,AT&T Stadium,Home,closed,fieldturf,2021100303
53,2021_04_IND_MIA,2021,REG,4,2021-10-03,Sunday,13:00,IND,MIA,27,17,-10,Hard Rock Stadium,Home,outdoors,grass,2021100304
54,2021_04_CLE_MIN,2021,REG,4,2021-10-03,Sunday,13:00,CLE,MIN,14,7,-7,U.S. Bank Stadium,Home,dome,sportturf,2021100305
55,2021_04_NYG_NO,2021,REG,4,2021-10-03,Sunday,13:00,NYG,NO,27,21,-6,Mercedes-Benz Superdome,Home,dome,astroturf,2021100306
56,2021_04_TEN_NYJ,2021,REG,4,2021-10-03,Sunday,13:00,TEN,NYJ,24,27,3,MetLife Stadium,Home,outdoors,fieldturf ,2021100307
57,2021_04_KC_PHI,2021,REG,4,2021-10-03,Sunday,13:00,KC,PHI,42,30,-12,Lincoln Financial Field,Home,outdoors,grass,2021100308
58,2021_04_ARI_LA,2021,REG,4,2021-10-03,Sunday,16:05,ARI,LA,37,20,-17,SoFi Stadium,Home,dome,matrixturf,2021100309
59,2021_04_SEA_SF,2021,REG,4,2021-10-03,Sunday,16:05,SEA,SF,28,21,-7,Levi's Stadium,Home,outdoors,grass,2021100310
60,2021_04_BAL_DEN,2021,REG,4,2021-10-03,Sunday,16:25,BAL,DEN,23,7,-16,Empower Field at Mile High,Home,outdoors,grass,2021100311
61,2021_04_PIT_GB,2021,REG,4,2021-10-03,Sunday,16:25,PIT,GB,17,27,10,Lambeau Field,Home,outdoors,grass,2021100312
62,2021_04_TB_NE,2021,REG,4,2021-10-03,Sunday,20:20,TB,NE,19,17,-2,Gillette Stadium,Home,outdoors,grass,2021100313
63,2021_04_LV_LAC,2021,REG,4,2021-10-04,Monday,20:15,LV,LAC,14,28,14,SoFi Stadium,Home,dome,matrixturf,2021100400
64,2021_05_LA_SEA,2021,REG,5,2021-10-07,Thursday,20:20,LA,SEA,26,17,-9,Lumen Field,Home,outdoors,fieldturf,2021100700
65,2021_05_NYJ_ATL,2021,REG,5,2021-10-10,Sunday,09:30,NYJ,ATL,20,27,7,Tottenham Stadium,Neutral,outdoors,grass,2021101000
66,2021_05_PHI_CAR,2021,REG,5,2021-10-10,Sunday,13:00,PHI,CAR,21,18,-3,Bank of America Stadium,Home,outdoors,grass,2021101001
67,2021_05_GB_CIN,2021,REG,5,2021-10-10,Sunday,13:00,GB,CIN,25,22,-3,Paul Brown Stadium,Home,outdoors,grass,2021101002
68,2021_05_NE_HOU,2021,REG,5,2021-10-10,Sunday,13:00,NE,HOU,25,22,-3,NRG Stadium,Home,,grass,2021101003
69,2021_05_TEN_JAX,2021,REG,5,2021-10-10,Sunday,13:00,TEN,JAX,37,19,-18,TIAA Bank Stadium,Home,outdoors,grass,2021101004
70,2021_05_DET_MIN,2021,REG,5,2021-10-10,Sunday,13:00,DET,MIN,17,19,2,U.S. Bank Stadium,Home,dome,sportturf,2021101005
71,2021_05_DEN_PIT,2021,REG,5,2021-10-10,Sunday,13:00,DEN,PIT,19,27,8,Heinz Field,Home,outdoors,grass,2021101006
72,2021_05_MIA_TB,2021,REG,5,2021-10-10,Sunday,13:00,MIA,TB,17,45,28,Raymond James Stadium,Home,outdoors,grass,2021101007
73,2021_05_NO_WAS,2021,REG,5,2021-10-10,Sunday,13:00,NO,WAS,33,22,-11,FedExField,Home,outdoors,grass,2021101008
74,2021_05_CLE_LAC,2021,REG,5,2021-10-10,Sunday,16:05,CLE,LAC,42,47,5,SoFi Stadium,Home,dome,matrixturf,2021101009
75,2021_05_CHI_LV,2021,REG,5,2021-10-10,Sunday,16:05,CHI,LV,20,9,-11,Allegiant Stadium,Home,dome,grass,2021101010
76,2021_05_SF_ARI,2021,REG,5,2021-10-10,Sunday,16:25,SF,ARI,10,17,7,State Farm Stadium,Home,closed,grass,2021101011
77,2021_05_NYG_DAL,2021,REG,5,2021-10-10,Sunday,16:25,NYG,DAL,20,44,24,AT&T Stadium,Home,closed,fieldturf,2021101012
78,2021_05_BUF_KC,2021,REG,5,2021-10-10,Sunday,20:20,BUF,KC,38,20,-18,GEHA Field at Arrowhead Stadium,Home,outdoors,astroturf,2021101013
79,2021_05_IND_BAL,2021,REG,5,2021-10-11,Monday,20:15,IND,BAL,25,31,6,M&T Bank Stadium,Home,outdoors,grass,2021101100
80,2021_06_TB_PHI,2021,REG,6,2021-10-14,Thursday,20:20,TB,PHI,28,22,-6,Lincoln Financial Field,Home,outdoors,grass,2021101400
81,2021_06_MIA_JAX,2021,REG,6,2021-10-17,Sunday,09:30,MIA,JAX,20,23,3,Tottenham Stadium,Neutral,outdoors,grass,2021101700
82,2021_06_LAC_BAL,2021,REG,6,2021-10-17,Sunday,13:00,LAC,BAL,6,34,28,M&T Bank Stadium,Home,outdoors,grass,2021101701
83,2021_06_MIN_CAR,2021,REG,6,2021-10-17,Sunday,13:00,MIN,CAR,34,28,-6,Bank of America Stadium,Home,outdoors,grass,2021101702
84,2021_06_GB_CHI,2021,REG,6,2021-10-17,Sunday,13:00,GB,CHI,24,14,-10,Soldier Field,Home,outdoors,grass,2021101703
85,2021_06_CIN_DET,2021,REG,6,2021-10-17,Sunday,13:00,CIN,DET,34,11,-23,Ford Field,Home,dome,fieldturf,2021101704
86,2021_06_HOU_IND,2021,REG,6,2021-10-17,Sunday,13:00,HOU,IND,3,31,28,Lucas Oil Stadium,Home,,fieldturf,2021101705
87,2021_06_LA_NYG,2021,REG,6,2021-10-17,Sunday,13:00,LA,NYG,38,11,-27,MetLife Stadium,Home,outdoors,fieldturf ,2021101706
88,2021_06_KC_WAS,2021,REG,6,2021-10-17,Sunday,13:00,KC,WAS,31,13,-18,FedExField,Home,outdoors,grass,2021101707
89,2021_06_ARI_CLE,2021,REG,6,2021-10-17,Sunday,16:05,ARI,CLE,37,14,-23,FirstEnergy Stadium,Home,outdoors,grass,2021101708
90,2021_06_LV_DEN,2021,REG,6,2021-10-17,Sunday,16:25,LV,DEN,34,24,-10,Empower Field at Mile High,Home,outdoors,grass,2021101709
91,2021_06_DAL_NE,2021,REG,6,2021-10-17,Sunday,16:25,DAL,NE,35,29,-6,Gillette Stadium,Home,outdoors,grass,2021101710
92,2021_06_SEA_PIT,2021,REG,6,2021-10-17,Sunday,20:20,SEA,PIT,20,23,3,Heinz Field,Home,outdoors,grass,2021101711
93,2021_06_BUF_TEN,2021,REG,6,2021-10-18,Monday,20:15,BUF,TEN,31,34,3,Nissan Stadium,Home,outdoors,grass,2021101800
94,2021_07_DEN_CLE,2021,REG,7,2021-10-21,Thursday,20:20,DEN,CLE,14,17,3,FirstEnergy Stadium,Home,outdoors,grass,2021102100
95,2021_07_CIN_BAL,2021,REG,7,2021-10-24,Sunday,13:00,CIN,BAL,41,17,-24,M&T Bank Stadium,Home,outdoors,grass,2021102400
96,2021_07_WAS_GB,2021,REG,7,2021-10-24,Sunday,13:00,WAS,GB,10,24,14,Lambeau Field,Home,outdoors,grass,2021102401
97,2021_07_ATL_MIA,2021,REG,7,2021-10-24,Sunday,13:00,ATL,MIA,30,28,-2,Hard Rock Stadium,Home,outdoors,grass,2021102402
98,2021_07_NYJ_NE,2021,REG,7,2021-10-24,Sunday,13:00,NYJ,NE,13,54,41,Gillette Stadium,Home,outdoors,grass,2021102403
99,2021_07_CAR_NYG,2021,REG,7,2021-10-24,Sunday,13:00,CAR,NYG,3,25,22,MetLife Stadium,Home,outdoors,fieldturf ,2021102404
100,2021_07_KC_TEN,2021,REG,7,2021-10-24,Sunday,13:00,KC,TEN,3,27,24,Nissan Stadium,Home,outdoors,grass,2021102405
101,2021_07_DET_LA,2021,REG,7,2021-10-24,Sunday,16:05,DET,LA,19,28,9,SoFi Stadium,Home,dome,matrixturf,2021102406
102,2021_07_PHI_LV,2021,REG,7,2021-10-24,Sunday,16:05,PHI,LV,22,33,11,Allegiant Stadium,Home,dome,grass,2021102407
103,2021_07_HOU_ARI,2021,REG,7,2021-10-24,Sunday,16:25,HOU,ARI,5,31,26,State Farm Stadium,Home,closed,grass,2021102408
104,2021_07_CHI_TB,2021,REG,7,2021-10-24,Sunday,16:25,CHI,TB,3,38,35,Raymond James Stadium,Home,outdoors,grass,2021102409
105,2021_07_IND_SF,2021,REG,7,2021-10-24,Sunday,20:20,IND,SF,30,18,-12,Levi's Stadium,Home,outdoors,grass,2021102410
106,2021_07_NO_SEA,2021,REG,7,2021-10-25,Monday,20:15,NO,SEA,13,10,-3,Lumen Field,Home,outdoors,fieldturf,2021102500
107,2021_08_GB_ARI,2021,REG,8,2021-10-28,Thursday,20:20,GB,ARI,24,21,-3,State Farm Stadium,Home,closed,grass,2021102800
108,2021_08_CAR_ATL,2021,REG,8,2021-10-31,Sunday,13:00,CAR,ATL,19,13,-6,Mercedes-Benz Stadium,Home,,fieldturf,2021103100
109,2021_08_MIA_BUF,2021,REG,8,2021-10-31,Sunday,13:00,MIA,BUF,11,26,15,New Era Field,Home,outdoors,astroturf,2021103101
110,2021_08_SF_CHI,2021,REG,8,2021-10-31,Sunday,13:00,SF,CHI,33,22,-11,Soldier Field,Home,outdoors,grass,2021103102
111,2021_08_PIT_CLE,2021,REG,8,2021-10-31,Sunday,13:00,PIT,CLE,15,10,-5,FirstEnergy Stadium,Home,outdoors,grass,2021103103
112,2021_08_PHI_DET,2021,REG,8,2021-10-31,Sunday,13:00,PHI,DET,44,6,-38,Ford Field,Home,dome,fieldturf,2021103104
113,2021_08_LA_HOU,2021,REG,8,2021-10-31,Sunday,13:00,LA,HOU,38,22,-16,NRG Stadium,Home,,grass,2021103105
114,2021_08_TEN_IND,2021,REG,8,2021-10-31,Sunday,13:00,TEN,IND,34,31,-3,Lucas Oil Stadium,Home,,fieldturf,2021103106
115,2021_08_CIN_NYJ,2021,REG,8,2021-10-31,Sunday,13:00,CIN,NYJ,31,34,3,MetLife Stadium,Home,outdoors,fieldturf ,2021103107
116,2021_08_NE_LAC,2021,REG,8,2021-10-31,Sunday,16:05,NE,LAC,27,24,-3,SoFi Stadium,Home,dome,matrixturf,2021103108
117,2021_08_JAX_SEA,2021,REG,8,2021-10-31,Sunday,16:05,JAX,SEA,7,31,24,Lumen Field,Home,outdoors,fieldturf,2021103109
118,2021_08_WAS_DEN,2021,REG,8,2021-10-31,Sunday,16:25,WAS,DEN,10,17,7,Empower Field at Mile High,Home,outdoors,grass,2021103110
119,2021_08_TB_NO,2021,REG,8,2021-10-31,Sunday,16:25,TB,NO,27,36,9,Mercedes-Benz Superdome,Home,dome,astroturf,2021103111
120,2021_08_DAL_MIN,2021,REG,8,2021-10-31,Sunday,20:20,DAL,MIN,20,16,-4,U.S. Bank Stadium,Home,dome,sportturf,2021103112
121,2021_08_NYG_KC,2021,REG,8,2021-11-01,Monday,20:15,NYG,KC,17,20,3,GEHA Field at Arrowhead Stadium,Home,outdoors,astroturf,2021110100
122,2021_09_NYJ_IND,2021,REG,9,2021-11-04,Thursday,20:20,NYJ,IND,30,45,15,Lucas Oil Stadium,Home,,fieldturf,2021110400
123,2021_09_MIN_BAL,2021,REG,9,2021-11-07,Sunday,13:00,MIN,BAL,31,34,3,M&T Bank Stadium,Home,outdoors,grass,2021110700
124,2021_09_NE_CAR,2021,REG,9,2021-11-07,Sunday,13:00,NE,CAR,24,6,-18,Bank of America Stadium,Home,outdoors,grass,2021110701
125,2021_09_CLE_CIN,2021,REG,9,2021-11-07,Sunday,13:00,CLE,CIN,41,16,-25,Paul Brown Stadium,Home,outdoors,grass,2021110702
126,2021_09_DEN_DAL,2021,REG,9,2021-11-07,Sunday,13:00,DEN,DAL,30,16,-14,AT&T Stadium,Home,closed,fieldturf,2021110703
127,2021_09_BUF_JAX,2021,REG,9,2021-11-07,Sunday,13:00,BUF,JAX,6,9,3,TIAA Bank Stadium,Home,outdoors,grass,2021110704
128,2021_09_HOU_MIA,2021,REG,9,2021-11-07,Sunday,13:00,HOU,MIA,9,17,8,Hard Rock Stadium,Home,outdoors,grass,2021110705
129,2021_09_ATL_NO,2021,REG,9,2021-11-07,Sunday,13:00,ATL,NO,27,25,-2,Mercedes-Benz Superdome,Home,dome,astroturf,2021110706
130,2021_09_LV_NYG,2021,REG,9,2021-11-07,Sunday,13:00,LV,NYG,16,23,7,MetLife Stadium,Home,outdoors,fieldturf ,2021110707
131,2021_09_LAC_PHI,2021,REG,9,2021-11-07,Sunday,16:05,LAC,PHI,27,24,-3,Lincoln Financial Field,Home,outdoors,grass,2021110708
132,2021_09_GB_KC,2021,REG,9,2021-11-07,Sunday,16:25,GB,KC,7,13,6,GEHA Field at Arrowhead Stadium,Home,outdoors,astroturf,2021110709
133,2021_09_ARI_SF,2021,REG,9,2021-11-07,Sunday,16:25,ARI,SF,31,17,-14,Levi's Stadium,Home,outdoors,grass,2021110710
134,2021_09_TEN_LA,2021,REG,9,2021-11-07,Sunday,20:20,TEN,LA,28,16,-12,SoFi Stadium,Home,dome,matrixturf,2021110711
135,2021_09_CHI_PIT,2021,REG,9,2021-11-08,Monday,20:15,CHI,PIT,27,29,2,Heinz Field,Home,outdoors,grass,2021110800
136,2021_10_BAL_MIA,2021,REG,10,2021-11-11,Thursday,20:20,BAL,MIA,10,22,12,Hard Rock Stadium,Home,outdoors,grass,2021111100
137,2021_10_ATL_DAL,2021,REG,10,2021-11-14,Sunday,13:00,ATL,DAL,3,43,40,AT&T Stadium,Home,closed,fieldturf,2021111400
138,2021_10_JAX_IND,2021,REG,10,2021-11-14,Sunday,13:00,JAX,IND,17,23,6,Lucas Oil Stadium,Home,,fieldturf,2021111401
139,2021_10_CLE_NE,2021,REG,10,2021-11-14,Sunday,13:00,CLE,NE,7,45,38,Gillette Stadium,Home,outdoors,grass,2021111402
140,2021_10_BUF_NYJ,2021,REG,10,2021-11-14,Sunday,13:00,BUF,NYJ,45,17,-28,MetLife Stadium,Home,outdoors,fieldturf ,2021111403
141,2021_10_DET_PIT,2021,REG,10,2021-11-14,Sunday,13:00,DET,PIT,16,16,0,Heinz Field,Home,outdoors,grass,2021111404
142,2021_10_NO_TEN,2021,REG,10,2021-11-14,Sunday,13:00,NO,TEN,21,23,2,Nissan Stadium,Home,outdoors,grass,2021111405
143,2021_10_TB_WAS,2021,REG,10,2021-11-14,Sunday,13:00,TB,WAS,19,29,10,FedExField,Home,outdoors,grass,2021111406
144,2021_10_CAR_ARI,2021,REG,10,2021-11-14,Sunday,16:05,CAR,ARI,34,10,-24,State Farm Stadium,Home,closed,grass,2021111407
145,2021_10_MIN_LAC,2021,REG,10,2021-11-14,Sunday,16:05,MIN,LAC,27,20,-7,SoFi Stadium,Home,dome,matrixturf,2021111408
146,2021_10_PHI_DEN,2021,REG,10,2021-11-14,Sunday,16:25,PHI,DEN,30,13,-17,Empower Field at Mile High,Home,outdoors,grass,2021111409
147,2021_10_SEA_GB,2021,REG,10,2021-11-14,Sunday,16:25,SEA,GB,0,17,17,Lambeau Field,Home,outdoors,grass,2021111410
148,2021_10_KC_LV,2021,REG,10,2021-11-14,Sunday,20:20,KC,LV,41,14,-27,Allegiant Stadium,Home,dome,grass,2021111411
149,2021_10_LA_SF,2021,REG,10,2021-11-15,Monday,20:15,LA,SF,10,31,21,Levi's Stadium,Home,outdoors,grass,2021111500
150,2021_11_NE_ATL,2021,REG,11,2021-11-18,Thursday,20:20,NE,ATL,25,0,-25,Mercedes-Benz Stadium,Home,,fieldturf,2021111800
151,2021_11_IND_BUF,2021,REG,11,2021-11-21,Sunday,13:00,IND,BUF,41,15,-26,New Era Field,Home,outdoors,astroturf,2021112100
152,2021_11_WAS_CAR,2021,REG,11,2021-11-21,Sunday,13:00,WAS,CAR,27,21,-6,Bank of America Stadium,Home,outdoors,grass,2021112101
153,2021_11_BAL_CHI,2021,REG,11,2021-11-21,Sunday,13:00,BAL,CHI,16,13,-3,Soldier Field,Home,outdoors,grass,2021112102
154,2021_11_DET_CLE,2021,REG,11,2021-11-21,Sunday,13:00,DET,CLE,10,13,3,FirstEnergy Stadium,Home,outdoors,grass,2021112103
155,2021_11_SF_JAX,2021,REG,11,2021-11-21,Sunday,13:00,SF,JAX,30,10,-20,TIAA Bank Stadium,Home,outdoors,grass,2021112104
156,2021_11_GB_MIN,2021,REG,11,2021-11-21,Sunday,13:00,GB,MIN,31,34,3,U.S. Bank Stadium,Home,dome,sportturf,2021112105
157,2021_11_MIA_NYJ,2021,REG,11,2021-11-21,Sunday,13:00,MIA,NYJ,24,17,-7,MetLife Stadium,Home,outdoors,fieldturf ,2021112106
158,2021_11_NO_PHI,2021,REG,11,2021-11-21,Sunday,13:00,NO,PHI,29,40,11,Lincoln Financial Field,Home,outdoors,grass,2021112107
159,2021_11_HOU_TEN,2021,REG,11,2021-11-21,Sunday,13:00,HOU,TEN,22,13,-9,Nissan Stadium,Home,outdoors,grass,2021112108
160,2021_11_CIN_LV,2021,REG,11,2021-11-21,Sunday,16:05,CIN,LV,32,13,-19,Allegiant Stadium,Home,dome,grass,2021112109
161,2021_11_DAL_KC,2021,REG,11,2021-11-21,Sunday,16:25,DAL,KC,9,19,10,GEHA Field at Arrowhead Stadium,Home,outdoors,astroturf,2021112110
162,2021_11_ARI_SEA,2021,REG,11,2021-11-21,Sunday,16:25,ARI,SEA,23,13,-10,Lumen Field,Home,outdoors,fieldturf,2021112111
163,2021_11_PIT_LAC,2021,REG,11,2021-11-21,Sunday,20:20,PIT,LAC,37,41,4,SoFi Stadium,Home,dome,matrixturf,2021112112
164,2021_11_NYG_TB,2021,REG,11,2021-11-22,Monday,20:15,NYG,TB,10,30,20,Raymond James Stadium,Home,outdoors,grass,2021112200
165,2021_12_CHI_DET,2021,REG,12,2021-11-25,Thursday,12:30,CHI,DET,16,14,-2,Ford Field,Home,dome,fieldturf,2021112500
166,2021_12_LV_DAL,2021,REG,12,2021-11-25,Thursday,16:30,LV,DAL,36,33,-3,AT&T Stadium,Home,closed,fieldturf,2021112501
167,2021_12_BUF_NO,2021,REG,12,2021-11-25,Thursday,20:20,BUF,NO,31,6,-25,Mercedes-Benz Superdome,Home,dome,astroturf,2021112502
168,2021_12_PIT_CIN,2021,REG,12,2021-11-28,Sunday,13:00,PIT,CIN,10,41,31,Paul Brown Stadium,Home,outdoors,grass,2021112800
169,2021_12_NYJ_HOU,2021,REG,12,2021-11-28,Sunday,13:00,NYJ,HOU,21,14,-7,NRG Stadium,Home,,grass,2021112801
170,2021_12_TB_IND,2021,REG,12,2021-11-28,Sunday,13:00,TB,IND,38,31,-7,Lucas Oil Stadium,Home,,fieldturf,2021112802
171,2021_12_ATL_JAX,2021,REG,12,2021-11-28,Sunday,13:00,ATL,JAX,21,14,-7,TIAA Bank Stadium,Home,outdoors,grass,2021112803
172,2021_12_CAR_MIA,2021,REG,12,2021-11-28,Sunday,13:00,CAR,MIA,10,33,23,Hard Rock Stadium,Home,outdoors,grass,2021112804
173,2021_12_TEN_NE,2021,REG,12,2021-11-28,Sunday,13:00,TEN,NE,13,36,23,Gillette Stadium,Home,outdoors,grass,2021112805
174,2021_12_PHI_NYG,2021,REG,12,2021-11-28,Sunday,13:00,PHI,NYG,7,13,6,MetLife Stadium,Home,outdoors,fieldturf ,2021112806
175,2021_12_LAC_DEN,2021,REG,12,2021-11-28,Sunday,16:05,LAC,DEN,13,28,15,Empower Field at Mile High,Home,outdoors,grass,2021112807
176,2021_12_LA_GB,2021,REG,12,2021-11-28,Sunday,16:25,LA,GB,28,36,8,Lambeau Field,Home,outdoors,grass,2021112808
177,2021_12_MIN_SF,2021,REG,12,2021-11-28,Sunday,16:25,MIN,SF,26,34,8,Levi's Stadium,Home,outdoors,grass,2021112809
178,2021_12_CLE_BAL,2021,REG,12,2021-11-28,Sunday,20:20,CLE,BAL,10,16,6,M&T Bank Stadium,Home,outdoors,grass,2021112810
179,2021_12_SEA_WAS,2021,REG,12,2021-11-29,Monday,20:15,SEA,WAS,15,17,2,FedExField,Home,outdoors,grass,2021112900
180,2021_13_DAL_NO,2021,REG,13,2021-12-02,Thursday,20:20,DAL,NO,27,17,-10,Mercedes-Benz Superdome,Home,dome,astroturf,2021120200
181,2021_13_TB_ATL,2021,REG,13,2021-12-05,Sunday,13:00,TB,ATL,30,17,-13,Mercedes-Benz Stadium,Home,,fieldturf,2021120500
182,2021_13_ARI_CHI,2021,REG,13,2021-12-05,Sunday,13:00,ARI,CHI,33,22,-11,Soldier Field,Home,outdoors,grass,2021120501
183,2021_13_LAC_CIN,2021,REG,13,2021-12-05,Sunday,13:00,LAC,CIN,41,22,-19,Paul Brown Stadium,Home,outdoors,grass,2021120502
184,2021_13_MIN_DET,2021,REG,13,2021-12-05,Sunday,13:00,MIN,DET,27,29,2,Ford Field,Home,dome,fieldturf,2021120503
185,2021_13_IND_HOU,2021,REG,13,2021-12-05,Sunday,13:00,IND,HOU,31,0,-31,NRG Stadium,Home,,grass,2021120504
186,2021_13_NYG_MIA,2021,REG,13,2021-12-05,Sunday,13:00,NYG,MIA,9,20,11,Hard Rock Stadium,Home,outdoors,grass,2021120506
187,2021_13_PHI_NYJ,2021,REG,13,2021-12-05,Sunday,13:00,PHI,NYJ,33,18,-15,MetLife Stadium,Home,outdoors,fieldturf ,2021120507
188,2021_13_JAX_LA,2021,REG,13,2021-12-05,Sunday,16:05,JAX,LA,7,37,30,SoFi Stadium,Home,dome,matrixturf,2021120509
189,2021_13_WAS_LV,2021,REG,13,2021-12-05,Sunday,16:05,WAS,LV,17,15,-2,Allegiant Stadium,Home,dome,grass,2021120508
190,2021_13_BAL_PIT,2021,REG,13,2021-12-05,Sunday,16:25,BAL,PIT,19,20,1,Heinz Field,Home,outdoors,grass,2021120510
191,2021_13_SF_SEA,2021,REG,13,2021-12-05,Sunday,16:25,SF,SEA,23,30,7,Lumen Field,Home,outdoors,fieldturf,2021120511
192,2021_13_DEN_KC,2021,REG,13,2021-12-05,Sunday,20:20,DEN,KC,9,22,13,GEHA Field at Arrowhead Stadium,Home,outdoors,astroturf,2021120505
193,2021_13_NE_BUF,2021,REG,13,2021-12-06,Monday,20:15,NE,BUF,14,10,-4,New Era Field,Home,outdoors,astroturf,2021120600
194,2021_14_PIT_MIN,2021,REG,14,2021-12-09,Thursday,20:20,PIT,MIN,28,36,8,U.S. Bank Stadium,Home,dome,sportturf,2021120900
195,2021_14_ATL_CAR,2021,REG,14,2021-12-12,Sunday,13:00,ATL,CAR,29,21,-8,Bank of America Stadium,Home,outdoors,grass,2021121200
196,2021_14_BAL_CLE,2021,REG,14,2021-12-12,Sunday,13:00,BAL,CLE,22,24,2,FirstEnergy Stadium,Home,outdoors,grass,2021121202
197,2021_14_SEA_HOU,2021,REG,14,2021-12-12,Sunday,13:00,SEA,HOU,33,13,-20,NRG Stadium,Home,,grass,2021121203
198,2021_14_LV_KC,2021,REG,14,2021-12-12,Sunday,13:00,LV,KC,9,48,39,GEHA Field at Arrowhead Stadium,Home,outdoors,astroturf,2021121204
199,2021_14_NO_NYJ,2021,REG,14,2021-12-12,Sunday,13:00,NO,NYJ,30,9,-21,MetLife Stadium,Home,outdoors,fieldturf ,2021121205
200,2021_14_JAX_TEN,2021,REG,14,2021-12-12,Sunday,13:00,JAX,TEN,0,20,20,Nissan Stadium,Home,outdoors,grass,2021121206
201,2021_14_DAL_WAS,2021,REG,14,2021-12-12,Sunday,13:00,DAL,WAS,27,20,-7,FedExField,Home,outdoors,grass,2021121207
202,2021_14_DET_DEN,2021,REG,14,2021-12-12,Sunday,16:05,DET,DEN,10,38,28,Empower Field at Mile High,Home,outdoors,grass,2021121208
203,2021_14_NYG_LAC,2021,REG,14,2021-12-12,Sunday,16:05,NYG,LAC,21,37,16,SoFi Stadium,Home,dome,matrixturf,2021121209
204,2021_14_SF_CIN,2021,REG,14,2021-12-12,Sunday,16:25,SF,CIN,26,23,-3,Paul Brown Stadium,Home,outdoors,grass,2021121201
205,2021_14_BUF_TB,2021,REG,14,2021-12-12,Sunday,16:25,BUF,TB,27,33,6,Raymond James Stadium,Home,outdoors,grass,2021121210
206,2021_14_CHI_GB,2021,REG,14,2021-12-12,Sunday,20:20,CHI,GB,30,45,15,Lambeau Field,Home,outdoors,grass,2021121211
207,2021_14_LA_ARI,2021,REG,14,2021-12-13,Monday,20:15,LA,ARI,30,23,-7,State Farm Stadium,Home,closed,grass,2021121300
208,2021_15_KC_LAC,2021,REG,15,2021-12-16,Thursday,20:20,KC,LAC,34,28,-6,SoFi Stadium,Home,dome,matrixturf,2021121600
209,2021_15_NE_IND,2021,REG,15,2021-12-18,Saturday,20:20,NE,IND,17,27,10,Lucas Oil Stadium,Home,,fieldturf,2021121904
210,2021_15_CAR_BUF,2021,REG,15,2021-12-19,Sunday,13:00,CAR,BUF,14,31,17,New Era Field,Home,outdoors,astroturf,2021121901
211,2021_15_ARI_DET,2021,REG,15,2021-12-19,Sunday,13:00,ARI,DET,12,30,18,Ford Field,Home,dome,fieldturf,2021121903
212,2021_15_HOU_JAX,2021,REG,15,2021-12-19,Sunday,13:00,HOU,JAX,30,16,-14,TIAA Bank Stadium,Home,outdoors,grass,2021121905
213,2021_15_NYJ_MIA,2021,REG,15,2021-12-19,Sunday,13:00,NYJ,MIA,24,31,7,Hard Rock Stadium,Home,outdoors,grass,2021121906
214,2021_15_DAL_NYG,2021,REG,15,2021-12-19,Sunday,13:00,DAL,NYG,21,6,-15,MetLife Stadium,Home,outdoors,fieldturf ,2021121907
215,2021_15_TEN_PIT,2021,REG,15,2021-12-19,Sunday,13:00,TEN,PIT,13,19,6,Heinz Field,Home,outdoors,grass,2021121909
216,2021_15_CIN_DEN,2021,REG,15,2021-12-19,Sunday,16:05,CIN,DEN,15,10,-5,Empower Field at Mile High,Home,outdoors,grass,2021121910
217,2021_15_ATL_SF,2021,REG,15,2021-12-19,Sunday,16:05,ATL,SF,13,31,18,Levi's Stadium,Home,outdoors,grass,2021121911
218,2021_15_GB_BAL,2021,REG,15,2021-12-19,Sunday,16:25,GB,BAL,31,30,-1,M&T Bank Stadium,Home,outdoors,grass,2021121900
219,2021_15_NO_TB,2021,REG,15,2021-12-19,Sunday,20:20,NO,TB,9,0,-9,Raymond James Stadium,Home,outdoors,grass,2021121913
220,2021_15_LV_CLE,2021,REG,15,2021-12-20,Monday,17:00,LV,CLE,16,14,-2,FirstEnergy Stadium,Home,outdoors,grass,2021121902
221,2021_15_MIN_CHI,2021,REG,15,2021-12-20,Monday,20:15,MIN,CHI,17,9,-8,Soldier Field,Home,outdoors,grass,2021122000
222,2021_15_SEA_LA,2021,REG,15,2021-12-21,Tuesday,19:00,SEA,LA,10,20,10,SoFi Stadium,Home,dome,matrixturf,2021121912
223,2021_15_WAS_PHI,2021,REG,15,2021-12-21,Tuesday,19:00,WAS,PHI,17,27,10,Lincoln Financial Field,Home,outdoors,grass,2021121908
224,2021_16_SF_TEN,2021,REG,16,2021-12-23,Thursday,20:20,SF,TEN,17,20,3,Nissan Stadium,Home,outdoors,grass,2021122300
225,2021_16_CLE_GB,2021,REG,16,2021-12-25,Saturday,16:30,CLE,GB,22,24,2,Lambeau Field,Home,outdoors,grass,2021122500
226,2021_16_IND_ARI,2021,REG,16,2021-12-25,Saturday,20:15,IND,ARI,22,16,-6,State Farm Stadium,Home,closed,grass,2021122501
227,2021_16_DET_ATL,2021,REG,16,2021-12-26,Sunday,13:00,DET,ATL,16,20,4,Mercedes-Benz Stadium,Home,,fieldturf,2021122600
228,2021_16_TB_CAR,2021,REG,16,2021-12-26,Sunday,13:00,TB,CAR,32,6,-26,Bank of America Stadium,Home,outdoors,grass,2021122601
229,2021_16_BAL_CIN,2021,REG,16,2021-12-26,Sunday,13:00,BAL,CIN,21,41,20,Paul Brown Stadium,Home,outdoors,grass,2021122602
230,2021_16_LAC_HOU,2021,REG,16,2021-12-26,Sunday,13:00,LAC,HOU,29,41,12,NRG Stadium,Home,,grass,2021122603
231,2021_16_LA_MIN,2021,REG,16,2021-12-26,Sunday,13:00,LA,MIN,30,23,-7,U.S. Bank Stadium,Home,dome,sportturf,2021122604
232,2021_16_BUF_NE,2021,REG,16,2021-12-26,Sunday,13:00,BUF,NE,33,21,-12,Gillette Stadium,Home,outdoors,grass,2021122605
233,2021_16_JAX_NYJ,2021,REG,16,2021-12-26,Sunday,13:00,JAX,NYJ,21,26,5,MetLife Stadium,Home,outdoors,fieldturf ,2021122606
234,2021_16_NYG_PHI,2021,REG,16,2021-12-26,Sunday,13:00,NYG,PHI,10,34,24,Lincoln Financial Field,Home,outdoors,grass,2021122607
235,2021_16_CHI_SEA,2021,REG,16,2021-12-26,Sunday,16:05,CHI,SEA,25,24,-1,Lumen Field,Home,outdoors,fieldturf,2021122608
236,2021_16_PIT_KC,2021,REG,16,2021-12-26,Sunday,16:25,PIT,KC,10,36,26,GEHA Field at Arrowhead Stadium,Home,outdoors,astroturf,2021122609
237,2021_16_DEN_LV,2021,REG,16,2021-12-26,Sunday,16:25,DEN,LV,13,17,4,Allegiant Stadium,Home,dome,grass,2021122610
238,2021_16_WAS_DAL,2021,REG,16,2021-12-26,Sunday,20:20,WAS,DAL,14,56,42,AT&T Stadium,Home,closed,fieldturf,2021122611
239,2021_16_MIA_NO,2021,REG,16,2021-12-27,Monday,20:15,MIA,NO,20,3,-17,Mercedes-Benz Superdome,Home,dome,astroturf,2021122700
240,2021_17_LA_BAL,2021,REG,17,2022-01-02,Sunday,13:00,LA,BAL,20,19,-1,M&T Bank Stadium,Home,outdoors,grass,2022010212
241,2021_17_ATL_BUF,2021,REG,17,2022-01-02,Sunday,13:00,ATL,BUF,15,29,14,New Era Field,Home,outdoors,astroturf,2022010200
242,2021_17_NYG_CHI,2021,REG,17,2022-01-02,Sunday,13:00,NYG,CHI,3,29,26,Soldier Field,Home,outdoors,grass,2022010201
243,2021_17_KC_CIN,2021,REG,17,2022-01-02,Sunday,13:00,KC,CIN,31,34,3,Paul Brown Stadium,Home,outdoors,grass,2022010202
244,2021_17_LV_IND,2021,REG,17,2022-01-02,Sunday,13:00,LV,IND,23,20,-3,Lucas Oil Stadium,Home,,fieldturf,2022010204
245,2021_17_JAX_NE,2021,REG,17,2022-01-02,Sunday,13:00,JAX,NE,10,50,40,Gillette Stadium,Home,outdoors,grass,2022010205
246,2021_17_TB_NYJ,2021,REG,17,2022-01-02,Sunday,13:00,TB,NYJ,28,24,-4,MetLife Stadium,Home,outdoors,fieldturf ,2022010207
247,2021_17_MIA_TEN,2021,REG,17,2022-01-02,Sunday,13:00,MIA,TEN,3,34,31,Nissan Stadium,Home,outdoors,grass,2022010208
248,2021_17_PHI_WAS,2021,REG,17,2022-01-02,Sunday,13:00,PHI,WAS,20,16,-4,FedExField,Home,outdoors,grass,2022010209
249,2021_17_DEN_LAC,2021,REG,17,2022-01-02,Sunday,16:05,DEN,LAC,13,34,21,SoFi Stadium,Home,dome,matrixturf,2022010210
250,2021_17_HOU_SF,2021,REG,17,2022-01-02,Sunday,16:05,HOU,SF,7,23,16,Levi's Stadium,Home,outdoors,grass,2022010211
251,2021_17_ARI_DAL,2021,REG,17,2022-01-02,Sunday,16:25,ARI,DAL,25,22,-3,AT&T Stadium,Home,closed,fieldturf,2022010203
252,2021_17_CAR_NO,2021,REG,17,2022-01-02,Sunday,16:25,CAR,NO,10,18,8,Mercedes-Benz Superdome,Home,dome,astroturf,2022010206
253,2021_17_DET_SEA,2021,REG,17,2022-01-02,Sunday,16:25,DET,SEA,29,51,22,Lumen Field,Home,outdoors,fieldturf,2022010213
254,2021_17_MIN_GB,2021,REG,17,2022-01-02,Sunday,20:20,MIN,GB,10,37,27,Lambeau Field,Home,outdoors,grass,2022010214
255,2021_17_CLE_PIT,2021,REG,17,2022-01-03,Monday,20:15,CLE,PIT,14,26,12,Heinz Field,Home,outdoors,grass,2022010300
256,2021_18_KC_DEN,2021,REG,18,2022-01-08,Saturday,16:30,KC,DEN,28,24,-4,Empower Field at Mile High,Home,outdoors,grass,2022010913
257,2021_18_DAL_PHI,2021,REG,18,2022-01-08,Saturday,20:15,DAL,PHI,51,26,-25,Lincoln Financial Field,Home,outdoors,grass,2022010910
258,2021_18_PIT_BAL,2021,REG,18,2022-01-09,Sunday,13:00,PIT,BAL,16,13,-3,M&T Bank Stadium,Home,outdoors,grass,2022010901
259,2021_18_CIN_CLE,2021,REG,18,2022-01-09,Sunday,13:00,CIN,CLE,16,21,5,FirstEnergy Stadium,Home,outdoors,grass,2022010903
260,2021_18_GB_DET,2021,REG,18,2022-01-09,Sunday,13:00,GB,DET,30,37,7,Ford Field,Home,dome,fieldturf,2022010904
261,2021_18_TEN_HOU,2021,REG,18,2022-01-09,Sunday,13:00,TEN,HOU,28,25,-3,NRG Stadium,Home,,grass,2022010905
262,2021_18_IND_JAX,2021,REG,18,2022-01-09,Sunday,13:00,IND,JAX,11,26,15,TIAA Bank Stadium,Home,outdoors,grass,2022010906
263,2021_18_CHI_MIN,2021,REG,18,2022-01-09,Sunday,13:00,CHI,MIN,17,31,14,U.S. Bank Stadium,Home,dome,sportturf,2022010908
264,2021_18_WAS_NYG,2021,REG,18,2022-01-09,Sunday,13:00,WAS,NYG,22,7,-15,MetLife Stadium,Home,outdoors,fieldturf ,2022010909
265,2021_18_SEA_ARI,2021,REG,18,2022-01-09,Sunday,16:25,SEA,ARI,38,30,-8,State Farm Stadium,Home,closed,grass,2022010912
266,2021_18_NO_ATL,2021,REG,18,2022-01-09,Sunday,16:25,NO,ATL,30,20,-10,Mercedes-Benz Stadium,Home,,fieldturf,2022010900
267,2021_18_NYJ_BUF,2021,REG,18,2022-01-09,Sunday,16:25,NYJ,BUF,10,27,17,New Era Field,Home,outdoors,astroturf,2022010902
268,2021_18_SF_LA,2021,REG,18,2022-01-09,Sunday,16:25,SF,LA,27,24,-3,SoFi Stadium,Home,dome,matrixturf,2022010914
269,2021_18_NE_MIA,2021,REG,18,2022-01-09,Sunday,16:25,NE,MIA,24,33,9,Hard Rock Stadium,Home,outdoors,grass,2022010907
270,2021_18_CAR_TB,2021,REG,18,2022-01-09,Sunday,16:25,CAR,TB,17,41,24,Raymond James Stadium,Home,outdoors,grass,2022010911
271,2021_18_LAC_LV,2021,REG,18,2022-01-09,Sunday,20:20,LAC,LV,32,35,3,Allegiant Stadium,Home,dome,grass,2022010915
272,2021_19_LV_CIN,2021,WC,19,2022-01-15,Saturday,16:30,LV,CIN,19,26,7,Paul Brown Stadium,Home,outdoors,grass,2022011501
273,2021_19_NE_BUF,2021,WC,19,2022-01-15,Saturday,20:15,NE,BUF,17,47,30,New Era Field,Home,outdoors,astroturf,2022011502
274,2021_19_PHI_TB,2021,WC,19,2022-01-16,Sunday,13:00,PHI,TB,15,31,16,Raymond James Stadium,Home,outdoors,grass,2022011601
275,2021_19_SF_DAL,2021,WC,19,2022-01-16,Sunday,16:30,SF,DAL,23,17,-6,AT&T Stadium,Home,closed,fieldturf,2022011602
276,2021_19_PIT_KC,2021,WC,19,2022-01-16,Sunday,20:15,PIT,KC,21,42,21,GEHA Field at Arrowhead Stadium,Home,outdoors,astroturf,2022011603
277,2021_19_ARI_LA,2021,WC,19,2022-01-17,Monday,20:15,ARI,LA,11,34,23,SoFi Stadium,Home,dome,matrixturf,2022011701
278,2021_20_CIN_TEN,2021,DIV,20,2022-01-22,Saturday,16:30,CIN,TEN,19,16,-3,Nissan Stadium,Home,outdoors,grass,2022012201
279,2021_20_SF_GB,2021,DIV,20,2022-01-22,Saturday,20:15,SF,GB,13,10,-3,Lambeau Field,Home,outdoors,grass,2022012202
280,2021_20_LA_TB,2021,DIV,20,2022-01-23,Sunday,15:00,LA,TB,30,27,-3,Raymond James Stadium,Home,outdoors,grass,2022012301
281,2021_20_BUF_KC,2021,DIV,20,2022-01-23,Sunday,18:30,BUF,KC,36,42,6,GEHA Field at Arrowhead Stadium,Home,outdoors,astroturf,2022012302
282,2021_21_CIN_KC,2021,CON,21,2022-01-30,Sunday,15:00,CIN,KC,27,24,-3,GEHA Field at Arrowhead Stadium,Home,outdoors,astroturf,2022013001
283,2021_21_SF_LA,2021,CON,21,2022-01-30,Sunday,18:30,SF,LA,17,20,3,SoFi Stadium,Home,dome,matrixturf,2022013002
284,2021_22_LA_CIN,2021,SB,22,2022-02-13,Sunday,18:30,LA,CIN,,,,SoFi Stadium,Neutral,dome,matrixturf,2022021301
